<?xml version="1.0" encoding="UTF-8"?>
<configurationDescriptor version="95">
  <logicalFolder name="root" displayName="root" projectFiles="true" kind="ROOT">
    <logicalFolder name="HeaderFiles"
                   displayName="Header Files"
                   projectFiles="true">
      <itemPath>Dice.h</itemPath>
      <itemPath>Game.h</itemPath>
      <itemPath>Noun.h</itemPath>
      <itemPath>ParseCmd.h</itemPath>
      <itemPath>Suspect.h</itemPath>
      <itemPath>Verb.h</itemPath>
      <itemPath>cmdtree.h</itemPath>
      <itemPath>gamestate.h</itemPath>
    </logicalFolder>
    <logicalFolder name="ResourceFiles"
                   displayName="Resource Files"
                   projectFiles="true">
    </logicalFolder>
    <logicalFolder name="SourceFiles"
                   displayName="Source Files"
                   projectFiles="true">
      <itemPath>Dice.cpp</itemPath>
      <itemPath>Game.cpp</itemPath>
      <itemPath>Noun.cpp</itemPath>
      <itemPath>ParseCmd.cpp</itemPath>
      <itemPath>Suspect.cpp</itemPath>
      <itemPath>Verb.cpp</itemPath>
      <itemPath>cmdtree.cpp</itemPath>
      <itemPath>gamestate.cpp</itemPath>
      <itemPath>main.cpp</itemPath>
    </logicalFolder>
    <logicalFolder name="TestFiles"
                   displayName="Test Files"
                   projectFiles="false"
                   kind="TEST_LOGICAL_FOLDER">
    </logicalFolder>
    <logicalFolder name="ExternalFiles"
                   displayName="Important Files"
                   projectFiles="false"
                   kind="IMPORTANT_FILES_FOLDER">
      <itemPath>Makefile</itemPath>
    </logicalFolder>
    <itemPath>savegame.bin</itemPath>
    <itemPath>suspect_exh.txt</itemPath>
    <itemPath>suspect_int.txt</itemPath>
    <itemPath>suspect_pain.txt</itemPath>
  </logicalFolder>
  <projectmakefile>Makefile</projectmakefile>
  <confs>
    <conf name="Debug" type="1">
      <toolsSet>
        <compilerSet>default</compilerSet>
        <dependencyChecking>true</dependencyChecking>
        <rebuildPropChanged>false</rebuildPropChanged>
      </toolsSet>
      <compileType>
        <ccTool>
          <standard>8</standard>
          <incDir>
            <pElem>../../../../../../../../../cygwin/usr/include/boost</pElem>
          </incDir>
          <commandLine>-std=c++11 -Wall -Wextra -errors</commandLine>
        </ccTool>
        <linkerTool>
          <linkerLibItems>
            <linkerLibFileItem>../../../../../../../../../cygwin/bin/cygboost_regex-mt-1_53.dll</linkerLibFileItem>
            <linkerLibFileItem>../../../../../../../../../cygwin/bin/cygboost_program_options-mt-1_53.dll</linkerLibFileItem>
          </linkerLibItems>
        </linkerTool>
      </compileType>
      <item path="Dice.cpp" ex="false" tool="1" flavor2="0">
      </item>
      <item path="Dice.h" ex="false" tool="3" flavor2="0">
      </item>
      <item path="Game.cpp" ex="false" tool="1" flavor2="0">
      </item>
      <item path="Game.h" ex="false" tool="3" flavor2="0">
      </item>
      <item path="Noun.cpp" ex="false" tool="1" flavor2="0">
      </item>
      <item path="Noun.h" ex="false" tool="3" flavor2="0">
      </item>
      <item path="ParseCmd.cpp" ex="false" tool="1" flavor2="0">
      </item>
      <item path="ParseCmd.h" ex="false" tool="3" flavor2="0">
      </item>
      <item path="Suspect.cpp" ex="false" tool="1" flavor2="0">
      </item>
      <item path="Suspect.h" ex="false" tool="3" flavor2="0">
      </item>
      <item path="Verb.cpp" ex="false" tool="1" flavor2="0">
      </item>
      <item path="Verb.h" ex="false" tool="3" flavor2="0">
      </item>
      <item path="cmdtree.cpp" ex="false" tool="1" flavor2="0">
      </item>
      <item path="cmdtree.h" ex="false" tool="3" flavor2="0">
      </item>
      <item path="gamestate.cpp" ex="false" tool="1" flavor2="0">
      </item>
      <item path="gamestate.h" ex="false" tool="3" flavor2="0">
      </item>
      <item path="main.cpp" ex="false" tool="1" flavor2="0">
      </item>
      <item path="savegame.bin" ex="false" tool="3" flavor2="0">
      </item>
      <item path="suspect_exh.txt" ex="false" tool="3" flavor2="0">
      </item>
      <item path="suspect_int.txt" ex="false" tool="3" flavor2="0">
      </item>
      <item path="suspect_pain.txt" ex="false" tool="3" flavor2="0">
      </item>
    </conf>
    <conf name="Release" type="1">
      <toolsSet>
        <compilerSet>default</compilerSet>
        <dependencyChecking>true</dependencyChecking>
        <rebuildPropChanged>false</rebuildPropChanged>
      </toolsSet>
      <compileType>
        <cTool>
          <developmentMode>5</developmentMode>
        </cTool>
        <ccTool>
          <developmentMode>5</developmentMode>
        </ccTool>
        <fortranCompilerTool>
          <developmentMode>5</developmentMode>
        </fortranCompilerTool>
        <asmTool>
          <developmentMode>5</developmentMode>
        </asmTool>
      </compileType>
      <item path="Dice.cpp" ex="false" tool="1" flavor2="0">
      </item>
      <item path="Dice.h" ex="false" tool="3" flavor2="0">
      </item>
      <item path="Game.cpp" ex="false" tool="1" flavor2="0">
      </item>
      <item path="Game.h" ex="false" tool="3" flavor2="0">
      </item>
      <item path="Noun.cpp" ex="false" tool="1" flavor2="0">
      </item>
      <item path="Noun.h" ex="false" tool="3" flavor2="0">
      </item>
      <item path="ParseCmd.cpp" ex="false" tool="1" flavor2="0">
      </item>
      <item path="ParseCmd.h" ex="false" tool="3" flavor2="0">
      </item>
      <item path="Suspect.cpp" ex="false" tool="1" flavor2="0">
      </item>
      <item path="Suspect.h" ex="false" tool="3" flavor2="0">
      </item>
      <item path="Verb.cpp" ex="false" tool="1" flavor2="0">
      </item>
      <item path="Verb.h" ex="false" tool="3" flavor2="0">
      </item>
      <item path="cmdtree.cpp" ex="false" tool="1" flavor2="0">
      </item>
      <item path="cmdtree.h" ex="false" tool="3" flavor2="0">
      </item>
      <item path="gamestate.cpp" ex="false" tool="1" flavor2="0">
      </item>
      <item path="gamestate.h" ex="false" tool="3" flavor2="0">
      </item>
      <item path="main.cpp" ex="false" tool="1" flavor2="0">
      </item>
      <item path="savegame.bin" ex="false" tool="3" flavor2="0">
      </item>
      <item path="suspect_exh.txt" ex="false" tool="3" flavor2="0">
      </item>
      <item path="suspect_int.txt" ex="false" tool="3" flavor2="0">
      </item>
      <item path="suspect_pain.txt" ex="false" tool="3" flavor2="0">
      </item>
    </conf>
  </confs>
</configurationDescriptor>
