<?xml version="1.0" encoding="UTF-8"?>
<configurationDescriptor version="95">
  <logicalFolder name="root" displayName="root" projectFiles="true" kind="ROOT">
    <logicalFolder name="HeaderFiles"
                   displayName="Header Files"
                   projectFiles="true">
      <itemPath>classes.h</itemPath>
      <itemPath>evans_std.h</itemPath>
      <itemPath>solutions.h</itemPath>
    </logicalFolder>
    <logicalFolder name="ResourceFiles"
                   displayName="Resource Files"
                   projectFiles="true">
    </logicalFolder>
    <logicalFolder name="SourceFiles"
                   displayName="Source Files"
                   projectFiles="true">
      <itemPath>classes.cpp</itemPath>
      <itemPath>evans_std.cpp</itemPath>
      <itemPath>main.cpp</itemPath>
      <itemPath>solutions.cpp</itemPath>
    </logicalFolder>
    <logicalFolder name="TestFiles"
                   displayName="Test Files"
                   projectFiles="false"
                   kind="TEST_LOGICAL_FOLDER">
    </logicalFolder>
    <logicalFolder name="ExternalFiles"
                   displayName="Important Files"
                   projectFiles="false"
                   kind="IMPORTANT_FILES_FOLDER">
      <itemPath>Makefile</itemPath>
    </logicalFolder>
  </logicalFolder>
  <projectmakefile>Makefile</projectmakefile>
  <confs>
    <conf name="Debug" type="1">
      <toolsSet>
        <compilerSet>default</compilerSet>
        <dependencyChecking>true</dependencyChecking>
        <rebuildPropChanged>false</rebuildPropChanged>
      </toolsSet>
      <compileType>
        <ccTool>
          <standard>8</standard>
          <incDir>
            <pElem>../../../../../../../../../cygwin/usr/include/boost</pElem>
          </incDir>
          <commandLine>-std=c++11 -Wall -Wextra -errors</commandLine>
        </ccTool>
        <linkerTool>
          <linkerAddLib>
            <pElem>../../../../../../../../../cygwin/bin</pElem>
          </linkerAddLib>
          <linkerLibItems>
            <linkerLibFileItem>../../../../../../../../../cygwin/bin/cygboost_regex-mt-1_53.dll</linkerLibFileItem>
            <linkerLibFileItem>../../../../../../../../../cygwin/bin/cygboost_program_options-mt-1_53.dll</linkerLibFileItem>
          </linkerLibItems>
        </linkerTool>
      </compileType>
      <item path="classes.cpp" ex="false" tool="1" flavor2="0">
      </item>
      <item path="classes.h" ex="false" tool="3" flavor2="0">
      </item>
      <item path="evans_std.cpp" ex="false" tool="1" flavor2="0">
      </item>
      <item path="evans_std.h" ex="false" tool="3" flavor2="0">
      </item>
      <item path="main.cpp" ex="false" tool="1" flavor2="0">
      </item>
      <item path="solutions.cpp" ex="false" tool="1" flavor2="0">
      </item>
      <item path="solutions.h" ex="false" tool="3" flavor2="0">
      </item>
    </conf>
    <conf name="Release" type="1">
      <toolsSet>
        <compilerSet>default</compilerSet>
        <dependencyChecking>true</dependencyChecking>
        <rebuildPropChanged>false</rebuildPropChanged>
      </toolsSet>
      <compileType>
        <cTool>
          <developmentMode>5</developmentMode>
        </cTool>
        <ccTool>
          <developmentMode>5</developmentMode>
        </ccTool>
        <fortranCompilerTool>
          <developmentMode>5</developmentMode>
        </fortranCompilerTool>
        <asmTool>
          <developmentMode>5</developmentMode>
        </asmTool>
      </compileType>
      <item path="classes.cpp" ex="false" tool="1" flavor2="0">
      </item>
      <item path="classes.h" ex="false" tool="3" flavor2="0">
      </item>
      <item path="evans_std.cpp" ex="false" tool="1" flavor2="0">
      </item>
      <item path="evans_std.h" ex="false" tool="3" flavor2="0">
      </item>
      <item path="main.cpp" ex="false" tool="1" flavor2="0">
      </item>
      <item path="solutions.cpp" ex="false" tool="1" flavor2="0">
      </item>
      <item path="solutions.h" ex="false" tool="3" flavor2="0">
      </item>
    </conf>
    <conf name="CIS17A" type="1">
      <toolsSet>
        <compilerSet>default</compilerSet>
        <dependencyChecking>true</dependencyChecking>
        <rebuildPropChanged>false</rebuildPropChanged>
      </toolsSet>
      <compileType>
        <ccTool>
          <standard>8</standard>
          <incDir>
            <pElem>../../../../../../../../../cygwin/usr/include/boost</pElem>
          </incDir>
          <commandLine>-std=c++11 -Wall -Wextra -errors</commandLine>
        </ccTool>
        <linkerTool>
          <linkerAddLib>
            <pElem>../../../../../../../../../cygwin/bin</pElem>
          </linkerAddLib>
          <linkerLibItems>
            <linkerLibFileItem>../../../../../../../../../cygwin/bin/cygboost_regex-mt-1_53.dll</linkerLibFileItem>
            <linkerLibFileItem>../../../../../../../../../cygwin/bin/cygboost_program_options-mt-1_53.dll</linkerLibFileItem>
          </linkerLibItems>
        </linkerTool>
      </compileType>
      <item path="classes.cpp" ex="false" tool="1" flavor2="0">
      </item>
      <item path="classes.h" ex="false" tool="3" flavor2="0">
      </item>
      <item path="evans_std.cpp" ex="false" tool="1" flavor2="0">
      </item>
      <item path="evans_std.h" ex="false" tool="3" flavor2="0">
      </item>
      <item path="main.cpp" ex="false" tool="1" flavor2="0">
      </item>
      <item path="solutions.cpp" ex="false" tool="1" flavor2="0">
      </item>
      <item path="solutions.h" ex="false" tool="3" flavor2="0">
      </item>
    </conf>
  </confs>
</configurationDescriptor>
