<?xml version="1.0" encoding="UTF-8"?>
<project-private xmlns="http://www.netbeans.org/ns/project-private/1">
    <data xmlns="http://www.netbeans.org/ns/make-project-private/1">
        <activeConfTypeElem>1</activeConfTypeElem>
        <activeConfIndexElem>0</activeConfIndexElem>
    </data>
    <editor-bookmarks xmlns="http://www.netbeans.org/ns/editor-bookmarks/2" lastBookmarkId="0"/>
    <open-files xmlns="http://www.netbeans.org/ns/projectui-open-files/2">
        <group>
            <file>file:/C:/Users/Bradley%20Evans/Desktop/RCC/14FAL/CSC17A/GitHub/EvansBradley_CIS17a_48130/Evans%20Bradley%20CSC17A%20Project%202/cmdtree.cpp</file>
            <file>file:/C:/Users/Bradley%20Evans/Desktop/RCC/14FAL/CSC17A/GitHub/EvansBradley_CIS17a_48130/Evans%20Bradley%20CSC17A%20Project%202/cmdtree.h</file>
            <file>file:/C:/Users/Bradley%20Evans/Desktop/RCC/14FAL/CSC17A/GitHub/EvansBradley_CIS17a_48130/Evans%20Bradley%20CSC17A%20Project%202/Suspect.h</file>
            <file>file:/C:/Users/Bradley%20Evans/Desktop/RCC/14FAL/CSC17A/GitHub/EvansBradley_CIS17a_48130/Evans%20Bradley%20CSC17A%20Project%202/Noun.cpp</file>
            <file>file:/C:/Users/Bradley%20Evans/Desktop/RCC/14FAL/CSC17A/GitHub/EvansBradley_CIS17a_48130/Evans%20Bradley%20CSC17A%20Project%202/Verb.h</file>
            <file>file:/C:/Users/Bradley%20Evans/Desktop/RCC/14FAL/CSC17A/GitHub/EvansBradley_CIS17a_48130/Evans%20Bradley%20CSC17A%20Project%202/ParseCmd.h</file>
            <file>file:/C:/Users/Bradley%20Evans/Desktop/RCC/14FAL/CSC17A/GitHub/EvansBradley_CIS17a_48130/Evans%20Bradley%20CSC17A%20Project%202/Noun.h</file>
            <file>file:/C:/Users/Bradley%20Evans/Desktop/RCC/14FAL/CSC17A/GitHub/EvansBradley_CIS17a_48130/Evans%20Bradley%20CSC17A%20Project%202/Suspect.cpp</file>
            <file>file:/C:/Users/Bradley%20Evans/Desktop/RCC/14FAL/CSC17A/GitHub/EvansBradley_CIS17a_48130/Evans%20Bradley%20CSC17A%20Project%202/Game.h</file>
            <file>file:/C:/Users/Bradley%20Evans/Desktop/RCC/14FAL/CSC17A/GitHub/EvansBradley_CIS17a_48130/Evans%20Bradley%20CSC17A%20Project%202/gamestate.h</file>
            <file>file:/C:/Users/Bradley%20Evans/Desktop/RCC/14FAL/CSC17A/GitHub/EvansBradley_CIS17a_48130/Evans%20Bradley%20CSC17A%20Project%202/Dice.h</file>
            <file>file:/C:/Users/Bradley%20Evans/Desktop/RCC/14FAL/CSC17A/GitHub/EvansBradley_CIS17a_48130/Evans%20Bradley%20CSC17A%20Project%202/gamestate.cpp</file>
            <file>file:/C:/Users/Bradley%20Evans/Desktop/RCC/14FAL/CSC17A/GitHub/EvansBradley_CIS17a_48130/Evans%20Bradley%20CSC17A%20Project%202/main.cpp</file>
            <file>file:/C:/Users/Bradley%20Evans/Desktop/RCC/14FAL/CSC17A/GitHub/EvansBradley_CIS17a_48130/Evans%20Bradley%20CSC17A%20Project%202/ParseCmd.cpp</file>
        </group>
    </open-files>
</project-private>
