<?xml version="1.0" encoding="UTF-8"?>
<configurationDescriptor version="95">
  <logicalFolder name="root" displayName="root" projectFiles="true" kind="ROOT">
    <logicalFolder name="HeaderFiles"
                   displayName="Header Files"
                   projectFiles="true">
      <itemPath>evans_standard.h</itemPath>
      <itemPath>prob_1.h</itemPath>
      <itemPath>prob_2.h</itemPath>
      <itemPath>prob_3.h</itemPath>
      <itemPath>prob_4.h</itemPath>
      <itemPath>prob_5.h</itemPath>
      <itemPath>prob_6.h</itemPath>
    </logicalFolder>
    <logicalFolder name="ResourceFiles"
                   displayName="Resource Files"
                   projectFiles="true">
    </logicalFolder>
    <logicalFolder name="SourceFiles"
                   displayName="Source Files"
                   projectFiles="true">
      <itemPath>evans_standard.cpp</itemPath>
      <itemPath>main.cpp</itemPath>
      <itemPath>prob_1.cpp</itemPath>
      <itemPath>prob_2.cpp</itemPath>
      <itemPath>prob_3.cpp</itemPath>
      <itemPath>prob_4.cpp</itemPath>
      <itemPath>prob_5.cpp</itemPath>
      <itemPath>prob_6.cpp</itemPath>
    </logicalFolder>
    <logicalFolder name="TestFiles"
                   displayName="Test Files"
                   projectFiles="false"
                   kind="TEST_LOGICAL_FOLDER">
    </logicalFolder>
    <logicalFolder name="ExternalFiles"
                   displayName="Important Files"
                   projectFiles="false"
                   kind="IMPORTANT_FILES_FOLDER">
      <itemPath>Makefile</itemPath>
    </logicalFolder>
    <itemPath>midterm_problem_description.txt</itemPath>
  </logicalFolder>
  <projectmakefile>Makefile</projectmakefile>
  <confs>
    <conf name="Debug" type="1">
      <toolsSet>
        <compilerSet>default</compilerSet>
        <dependencyChecking>true</dependencyChecking>
        <rebuildPropChanged>false</rebuildPropChanged>
      </toolsSet>
      <compileType>
      </compileType>
      <item path="evans_standard.cpp" ex="false" tool="1" flavor2="0">
      </item>
      <item path="evans_standard.h" ex="false" tool="3" flavor2="0">
      </item>
      <item path="main.cpp" ex="false" tool="1" flavor2="0">
      </item>
      <item path="midterm_problem_description.txt" ex="false" tool="3" flavor2="0">
      </item>
      <item path="prob_1.cpp" ex="false" tool="1" flavor2="0">
      </item>
      <item path="prob_1.h" ex="false" tool="3" flavor2="0">
      </item>
      <item path="prob_2.cpp" ex="false" tool="1" flavor2="0">
      </item>
      <item path="prob_2.h" ex="false" tool="3" flavor2="0">
      </item>
      <item path="prob_3.cpp" ex="false" tool="1" flavor2="0">
      </item>
      <item path="prob_3.h" ex="false" tool="3" flavor2="0">
      </item>
      <item path="prob_4.cpp" ex="false" tool="1" flavor2="0">
      </item>
      <item path="prob_4.h" ex="false" tool="3" flavor2="0">
      </item>
      <item path="prob_5.cpp" ex="false" tool="1" flavor2="0">
      </item>
      <item path="prob_5.h" ex="false" tool="3" flavor2="0">
      </item>
      <item path="prob_6.cpp" ex="false" tool="1" flavor2="0">
      </item>
      <item path="prob_6.h" ex="false" tool="3" flavor2="0">
      </item>
    </conf>
    <conf name="Release" type="1">
      <toolsSet>
        <compilerSet>default</compilerSet>
        <dependencyChecking>true</dependencyChecking>
        <rebuildPropChanged>false</rebuildPropChanged>
      </toolsSet>
      <compileType>
        <cTool>
          <developmentMode>5</developmentMode>
        </cTool>
        <ccTool>
          <developmentMode>5</developmentMode>
        </ccTool>
        <fortranCompilerTool>
          <developmentMode>5</developmentMode>
        </fortranCompilerTool>
        <asmTool>
          <developmentMode>5</developmentMode>
        </asmTool>
      </compileType>
      <item path="evans_standard.cpp" ex="false" tool="1" flavor2="0">
      </item>
      <item path="evans_standard.h" ex="false" tool="3" flavor2="0">
      </item>
      <item path="main.cpp" ex="false" tool="1" flavor2="0">
      </item>
      <item path="midterm_problem_description.txt" ex="false" tool="3" flavor2="0">
      </item>
      <item path="prob_1.cpp" ex="false" tool="1" flavor2="0">
      </item>
      <item path="prob_1.h" ex="false" tool="3" flavor2="0">
      </item>
      <item path="prob_2.cpp" ex="false" tool="1" flavor2="0">
      </item>
      <item path="prob_2.h" ex="false" tool="3" flavor2="0">
      </item>
      <item path="prob_3.cpp" ex="false" tool="1" flavor2="0">
      </item>
      <item path="prob_3.h" ex="false" tool="3" flavor2="0">
      </item>
      <item path="prob_4.cpp" ex="false" tool="1" flavor2="0">
      </item>
      <item path="prob_4.h" ex="false" tool="3" flavor2="0">
      </item>
      <item path="prob_5.cpp" ex="false" tool="1" flavor2="0">
      </item>
      <item path="prob_5.h" ex="false" tool="3" flavor2="0">
      </item>
      <item path="prob_6.cpp" ex="false" tool="1" flavor2="0">
      </item>
      <item path="prob_6.h" ex="false" tool="3" flavor2="0">
      </item>
    </conf>
  </confs>
</configurationDescriptor>
