<?xml version="1.0" encoding="UTF-8"?>
<project-private xmlns="http://www.netbeans.org/ns/project-private/1">
    <data xmlns="http://www.netbeans.org/ns/make-project-private/1">
        <activeConfTypeElem>1</activeConfTypeElem>
        <activeConfIndexElem>2</activeConfIndexElem>
    </data>
    <editor-bookmarks xmlns="http://www.netbeans.org/ns/editor-bookmarks/2" lastBookmarkId="0"/>
    <open-files xmlns="http://www.netbeans.org/ns/projectui-open-files/2">
        <group>
            <file>file:/C:/Users/Bradley%20Evans/Desktop/RCC/14FAL/CSC17A/GitHub/EvansBradley_CIS17a_48130/Evans%20Bradley%20Assignment%204/solutions.h</file>
            <file>file:/C:/Users/Bradley%20Evans/Desktop/RCC/14FAL/CSC17A/GitHub/EvansBradley_CIS17a_48130/Evans%20Bradley%20Assignment%204/main.cpp</file>
            <file>file:/C:/Users/Bradley%20Evans/Desktop/RCC/14FAL/CSC17A/GitHub/EvansBradley_CIS17a_48130/Evans%20Bradley%20Assignment%204/classes.cpp</file>
            <file>file:/C:/Users/Bradley%20Evans/Desktop/RCC/14FAL/CSC17A/GitHub/EvansBradley_CIS17a_48130/Evans%20Bradley%20Assignment%204/classes.h</file>
            <file>file:/C:/Users/Bradley%20Evans/Desktop/RCC/14FAL/CSC17A/GitHub/EvansBradley_CIS17a_48130/Evans%20Bradley%20Assignment%204/evans_std.cpp</file>
            <file>file:/C:/Users/Bradley%20Evans/Desktop/RCC/14FAL/CSC17A/GitHub/EvansBradley_CIS17a_48130/Evans%20Bradley%20Assignment%204/solutions.cpp</file>
            <file>file:/C:/Users/Bradley%20Evans/Desktop/RCC/14FAL/CSC17A/GitHub/EvansBradley_CIS17a_48130/Evans%20Bradley%20Assignment%204/evans_std.h</file>
        </group>
    </open-files>
</project-private>
